Seed,Attempts,CM no exist,CM exist,MI Accuracy,MI running time,NM Accuracy,NM running time,AC example cleaned,AC running time,AC score,Missing Factor,Trial Number
None,10000,None,None,0.9423558897243107,0.3532435894012451,0.9523809523809523,0.5418531894683838,45.6,0.47389998435974123,0.9615463155930769,0.05,1
None,10000,None,None,0.9674185463659147,0.3950774669647217,0.9573934837092731,0.3659248352050781,16.0,0.5002211093902588,0.9533338991148828,0.05,3
None,10000,None,None,0.9624060150375939,0.4347817897796631,0.9649122807017544,0.5886538028717041,62.4,0.5860050678253174,0.9709625182658843,0.05,2
2708,0,0.4989743232727051,0.4989743232727051,0.9523809523809523,0.3972663879394531,0.9598997493734336,0.5450232028961182,14.4,0.7723803520202637,0.8699446876562075,0.01,2
6377,4,0.5248325824737549,0.5313937664031982,0.9649122807017544,0.6098289489746094,0.9598997493734336,0.5227565765380859,14.6,0.7960610866546631,0.9417364576270411,0.01,3
7548,9,0.6258266687393188,0.7452399730682373,0.9674185463659147,0.597083568572998,0.9122807017543859,0.4754781723022461,12.4,0.7115519046783447,0.9740936600126865,0.01,1
3791,0,0.8797993659973145,0.8797993659973145,0.9373433583959899,0.49240708351135254,0.9573934837092731,0.40555238723754883,1.0,0.636216115951538,0.9203887624311407,0.001,1
8527,1,0.5825016498565674,0.7325265407562256,0.9649122807017544,0.6639084815979004,0.9649122807017544,0.5934581756591797,1.2,0.5740087032318115,0.9091736335251932,0.001,3
5319,0,0.4706246852874756,0.4706246852874756,0.9674185463659147,0.7532188892364502,0.9674185463659147,0.3903067111968994,1.0,0.3755029201507568,0.9564255469270947,0.001,2
